ENTITY_ABBR,ATTAINS.OrganizationIdentifier
MA,MA_DEP
CT,CT_DEP01
ME,MEDEP
MO,MDNR
NH,11113300
KS,21KAN001
SRM,SRMTWRP
RI,RIDEM
VT,1VTDECWQ
STCLA,NA
ND,21NDHDWQ
VA,21VASWCB
PA,21PA
TX,TCEQMAIN
NJ,21NJDEP1
NY,21NYDECA
WV,WVDEP
PR,PR_LAKES
DE,21DELAWQ
NM,21NMEX
ISL,NA
DC,NA
MD,MDE_EASP
FL,21FL303D
SC,21SC60WQ
TN,TDECWR
AL,NA
KY,21KY
GA,NA
MS,21MSWQ
NC,NA
SD,SDDENR
WI,WIDNR
IL,IL_EPA
MN,MNPCA
OH,21OHIO
AZ,21ARIZ
OK,OKDEQ
LA,LADEQWPD
CA3,NA
AR,ARDEQH2O
NV,21NEV1
CA4,NA
IN,21IND
ID,IDEQ
IA,21IOWA
WY,WYDEQ
MT,MTDEQ
UT,UTAHDWQ
CA,NA
304A,NA
NE,21NEB001
CA6,NA
CA2,NA
CO,21COL001
MI,21MICH
HI,21HI
CA1,NA
CA5,NA
AK,AKDECWQ
SUTE,NA
OR,OREGONDEQ
STANA,NA
WA,WA_ECOLOGY
CA7,NA
CA8,NA
CA9,NA
KEWE,NA
CTR,NA
CLUSI,NA
NTR,NA
VI,NA
PUYA,NA
MAKA,NA
TAOS,NA
SKT,NA
BPT,NA
HPI,NA
ASFP,NA
WST,NA
HUAL,NA
CHE,NA
NAM,NA
TESU,NA
PIC,NA
NCHY,NA
POJ,NA
ACO,NA
LACDU,NA
NAV,NA
HOOP,NA
OHKA,NA
BRBCHP,NA
CDA,NA
UMA,NA
PGSK,NA
WMA,NA
COL,NA
MICC,NA
UMU,UTEMTN
KALI,NA
SEMI,NA
TWNIN,NA
PYRA,NA
BPP,NA
SAND,NA
LUM,NA
LLBO,NA
SWINO,NA
AS,21AS
CNMI,NA
RBLMI,NA
LAG,NA
BKFT,NA
KDWN,NA
GPCHMN,NA
SPOK,NA
EBCI,EBCI
GU,21GUAM
FDL,NA
