"domain","name","code","context","context2","dateModified"
"OrgName","Sac & Fox Nation, Oklahoma","SFNOES","OK","Tribe","2017-10-18"
"OrgName","Eastern Shawnee Tribe of Oklahoma","ESTO","OK","Tribe","2024-04-09"
"OrgName","Wampanoag Tribe of Gay Head (Aquinnah)","AQUINNAH","MA","Tribe","2021-01-06"
"OrgName","California","CA_SWRCB","CA","State","2023-02-15"
"OrgName","Caddo Nation of Oklahoma","CADDONATION","OK","Tribe","2021-01-06"
"OrgName","Wyoming","WYDEQ","WY","State","2017-08-28"
"OrgName","Lac du Flambeau Band of Lake Superior Chippewa Indians of the Lac du Flambeau Reservation of Wisconsin","LDFWATER2007","WI","Tribe","2024-04-09"
"OrgName","Rhode Island","RIDEM","RI","State","2017-08-28"
"OrgName","Cherokee Nation","CHEROKEE","OK","Tribe","2021-01-06"
"OrgName","Puerto Rico","PR_LAKES","PR","State","2017-08-28"
"OrgName","South Carolina","21SC60WQ","SC","State","2017-08-28"
"OrgName","Pueblo of Tesuque, New Mexico","PUEBLOOFTESUQUE","NM","Tribe","2022-07-22"
"OrgName","District of Columbia","DOEE","DC","State","2017-08-28"
"OrgName","Hoopa Valley Tribe, California","HVTEPA","CA","Tribe","2017-10-18"
"OrgName","Ute Mountain Ute Tribe","UTEMTN","CO","Tribe","2021-01-06"
"OrgName","West Virginia","WVDEP","WV","State","2025-06-05"
"OrgName","Minnesota","MNPCA","MN","State","2017-08-28"
"OrgName","Oregon","OREGONDEQ","OR","State","2017-08-28"
"OrgName","Nebraska","21NEB001","NE","State","2017-08-28"
"OrgName","Kentucky","21KY","KY","State","2017-08-28"
"OrgName","Ohio","21OHIO","OH","State","2022-01-14"
"OrgName","Minnesota Chippewa Tribe, Minnesota (Grand Portage Band)","GPORTAGE","MN","Tribe","2024-04-09"
"OrgName","Oklahoma","OKDEQ","OK","State","2017-08-28"
"OrgName","Delaware Nation, Oklahoma","DELAWARENATION","OK","Tribe","2017-10-18"
"OrgName","Saint Regis Mohawk Tribe","SRMTWRP","NY","Tribe","2022-11-07"
"OrgName","Indiana","21IND","IN","State","2017-08-28"
"OrgName","Virginia","21VASWCB","VA","State","2023-12-11"
"OrgName","Fort Belknap Indian Community of the Fort Belknap Reservation of Montana","FTBLKNAP","MT","Tribe","2024-04-09"
"OrgName","Iowa Tribe of Oklahoma","IOWATROK","OK","Tribe","2021-01-06"
"OrgName","Texas","TCEQMAIN","TX","State","2024-09-10"
"OrgName","New Hampshire","11113300","NH","State","2017-08-28"
"OrgName","US Virgin Islands","USVIST","VI","State","2017-08-28"
"OrgName","Arizona","21ARIZ","AZ","State","2022-05-12"
"OrgName","Wyandotte Nation","WNENVDPT","OK","Tribe","2021-01-06"
"OrgName","Pyramid Lake Paiute Tribe of the Pyramid Lake Reservation, Nevada","PYRAMIDLAKE","NV","Tribe","2024-04-09"
"OrgName","Eastern Band of Cherokee Indians","EBCI","NC","Tribe","2024-04-09"
"OrgName","Utah","UTAHDWQ","UT","State","2024-06-21"
"OrgName","Red Lake Band of Chippewa Indians, Minnesota","REDLAKE","MN","Tribe","2022-10-31"
"OrgName","Illinois","IL_EPA","IL","State","2024-07-02"
"OrgName","Pueblo of Laguna, New Mexico","POLSWATER","NM","Tribe","2021-01-06"
"OrgName","Vermont","1VTDECWQ","VT","State","2017-08-28"
"OrgName","Montana","MTDEQ","MT","State","2024-07-16"
"OrgName","Fort Sill Apache","FSAWQP","OK","Tribe","2021-01-06"
"OrgName","Mississippi","21MSWQ","MS","State","2017-08-28"
"OrgName","South Dakota","SDDENR","SD","State","2024-01-29"
"OrgName","Pueblo of Santa Ana, New Mexico","PUEBLO_SANTAANA","NM","Tribe","2021-01-06"
"OrgName","New York","21NYDECA","NY","State","2024-04-24"
"OrgName","Arkansas","ARDEQH2O","AR","State","2023-04-03"
"OrgName","Saginaw Chippewa Indian Tribe of Michigan","SAGIN01","MI","Tribe","2024-04-09"
"OrgName","Washington","WA_ECOLOGY","WA","State","2017-08-28"
"OrgName","Colorado","21COL001","CO","State","2022-08-26"
"OrgName","Idaho","IDEQ","ID","State","2017-08-28"
"OrgName","Michigan","21MICH","MI","State","2020-12-15"
"OrgName","Blackfeet Tribe of the Blackfeet Indian Reservation of Montana","BLCKFEET","MT","Tribe","2024-04-09"
"OrgName","Maine","MEDEP","ME","State","2017-08-28"
"OrgName","Citizen Potawatomi Nation, Oklahoma","CPNWATER","OK","Tribe","2017-10-18"
"OrgName","Kickapoo Tribe of Oklahoma","KICKAPOO","OK","Tribe","2017-10-18"
"OrgName","Pueblo of San Ildefonso, New Mexico","SANILDEFONSODECP","NM","Tribe","2017-10-18"
"OrgName","Nevada","21NEV1","NV","State","2017-08-28"
"OrgName","Kaw Nation, Oklahoma","KAWNATON","OK","Tribe","2021-01-06"
"OrgName","Alabama Department of Environmental Management","21AWIC","AL","State","2017-08-28"
"OrgName","Delaware","21DELAWQ","DE","State","2017-08-28"
"OrgName","Georgia Environmental Protection Division","21GAEPD","GA","State","2017-08-28"
"OrgName","Iowa","21IOWA","IA","State","2017-08-28"
"OrgName","Comanche Nation, Oklahoma","CNWQD","OK","Tribe","2021-02-01"
"OrgName","Wisconsin","WIDNR","WI","State","2021-01-26"
"OrgName","Meskwaki Department of Natural Resources","MESKWAKI_DNR","IA","Tribe","2021-01-06"
"OrgName","N.C. Dept. of Environmental Quality","21NC01WQ","NC","State","2017-08-28"
"OrgName","The Chickasaw Nation","CNENVSER","OK","Tribe","2017-10-18"
"OrgName","Minnesota Chippewa Tribe, Minnesota (Fond du Lac Band)","FONDULAC","MN","Tribe","2017-10-18"
"OrgName","The Choctaw Nation of Oklahoma","CHOCNAT","OK","Tribe","2017-10-18"
"OrgName","Tennessee","TDECWR","TN","State","2017-08-28"
"OrgName","Absentee-Shawnee Tribe of Indians of Oklahoma","ABSHAWNEE","OK","Tribe","2021-01-06"
"OrgName","Seneca-Cayuga Nation","SCEQ","OK","Tribe","2017-10-18"
"OrgName","EPA","USEPA","EPA","EPA",NA
"OrgName","Big Valley Band of Pomo Indians of the Big Valley Rancheria, California","CA_BVR","CA","Tribe","2017-10-18"
"OrgName","Pueblo of Taos, New Mexico","TAOSPBLO","NM","Tribe","2021-01-06"
"OrgName","Pueblo of Pojoaque, New Mexico","PUEBLO_POJOAQUE","NM","Tribe","2017-10-18"
"OrgName","Kansas","21KAN001","KS","State","2022-01-13"
"OrgName","American Samoa","21AS","AS","State","2017-08-28"
"OrgName","Ottawa Tribe of Oklahoma","OTTAWATRIBEOFOK","OK","Tribe","2024-04-09"
"OrgName","New Mexico","21NMEX","NM","State","2017-08-28"
"OrgName","Alaska","AKDECWQ","AK","State","2017-08-28"
"OrgName","Otoe Missouria Tribe","O_MTRIBE","OK","Tribe","2017-10-18"
"OrgName","Louisiana","LADEQWPD","LA","State","2020-07-29"
"OrgName","New Jersey","21NJDEP1","NJ","State","2017-08-28"
"OrgName","Connecticut","CT_DEP01","CT","State","2020-02-25"
"OrgName","Assiniboine and Sioux Tribes of the Fort Peck Indian Reservation, Montana","FORTPECK","MT","Tribe","2024-04-09"
"OrgName","Florida","21FL303D","FL","State","2025-01-29"
"OrgName","Guam","21GUAM","GU","State","2017-08-28"
"OrgName","Hawaii","21HI","HI","State","2017-08-28"
"OrgName","Maryland","MDE_EASP","MD","State","2017-08-28"
"OrgName","Missouri","MDNR","MO","State","2021-09-14"
"OrgName","Penobscot Nation","PENOBSCOTINDIANNATIONDNR","ME","Tribe","2021-01-06"
"OrgName","Massachusetts","MA_DEP","MA","State","2024-05-16"
"OrgName","Northern Mariana Islands","21AQ","MP","State","2018-02-23"
"OrgName","Navajo Nation, Arizona, New Mexico, & Utah","NNEPA","AZ","Tribe","2017-10-18"
"OrgName","North Dakota","21NDHDWQ","ND","State","2024-06-19"
"OrgName","Little River Band of Ottawa Indians, Michigan","LRBOI","MI","Tribe","2021-01-06"
"OrgName","Pennsylvania","21PA","PA","State","2021-03-01"
