"POLLUTANT_NAME","STD_POLLUTANT_NAME","CAS_NO"
"aldrin","aldrin","309002"
"alkalinity","alkalinity",NA
"alpha-endosulfan","alpha-endosulfan","959988"
"alpha-hch (alpha-bhc)","alpha-hexachlorocyclohexane (hch)","319846"
"1,2-trans-dichloroethylene","trans-1,2-dichloroethylene","156605"
"1,3-dichlorobenzene (m-dichlorobenzene)","1,3-dichlorobenzene","541731"
"1,3-dichloropropylene","1,3-dichloropropene","542756"
"1,4-dichlorobenzene","1,4-dichlorobenzene","106467"
"2,4,6-trichlorophenol","2,4,6-trichlorophenol","88062"
"2,4-dichlorophenol","2,4-dichlorophenol","120832"
"2,4-dimethylphenol","2,4-dimethylphenol","105679"
"2,4-dinitrophenol","2,4-dinitrophenol","51285"
"2,4-dinitrotoluene","2,4-dinitrotoluene","121142"
"2-chloronaphthalene","2-chloronaphthalene","91587"
"2-chlorophenol","2-chlorophenol","95578"
"3,3'-dibenzidenes","3,3'-dichlorobenzidine","91941"
"4,4'-ddd","p,p'-dichlorodiphenyldichloroethane (ddd)","72548"
"4,4'-dde","p,p'-dichlorodiphenyldichloroethylene (dde)","72559"
"4,4'-ddt and derivatives","p,p'-dichlorodiphenyltrichloroethane (ddt)","50293"
"4,6-dinitro-o-cresol (2-methyl-4,6-dinitrophenol)","2-methyl-4,6-dinitrophenol","534521"
"acenaphthene","acenaphthene","83329"
"acenaphthylene","acenaphthylene","208968"
"acrolein","acrolein","107028"
"acrylonitrile","acrylonitrile","107131"
"silver","silver","7440224"
"sodium","sodium",NA
"tetrachloroethylene","tetrachloroethylene","127184"
"thallium","thallium","7440280"
"toluene","toluene","108883"
"toxaphene","toxaphene","8001352"
"trichloroethylene (tce)","trichloroethylene","79016"
"vinyl chloride","vinyl chloride","75014"
"zinc","zinc","7440666"
"cadmium","cadmium","7440439"
"carbon tetrachloride","carbon tetrachloride","56235"
"chlordane","chlordane","57749"
"chloride","chloride","16887006"
"isophorone","isophorone","78591"
"lead","lead","7439921"
"mercury","mercury","7439976"
"methyl chloride","methyl chloride","74873"
"methylene chloride","methylene chloride","75092"
"3,3'-dichlorobenzidine","3,3'-dichlorobenzidine","91941"
"3-methyl-4-chlorophenol","3-methyl-4-chlorophenol","59507"
"barium","barium","7440393"
"chlorobenzene (monochlorobenzene)","monochlorobenzene","108907"
"chloroform","trihalomethanes","67663"
"chlorophenoxy herbicide (2,4,5-tp)","chlorophenoxy herbicide (2,4,5-tp) [silvex]","93721"
"chlorophenoxy herbicide (2,4-d)","chlorophenoxy herbicide (2,4-d)","94757"
"chloropyrifos","chlorpyrifos","2921882"
"chromium (iii)","chromium (iii)","16065831"
"beryllium","beryllium","7440417"
"chromium (vi)","chromium (vi)","18540299"
"boron","boron","7440428"
"chrysene","chrysene","218019"
"copper","copper","7440508"
"cyanide","cyanide","57125"
"demeton","demeton","8065483"
"dibenz(a,h)anthracene","dibenz(a,h)anthracene","53703"
"butyl benzyl phthalate","butyl benzyl phthalate","85687"
"aluminum","aluminum","7429905"
"ammonia","ammonia","7664417"
"naphthalene","naphthalene","91203"
"nickel","nickel","7440020"
"nitrobenzene","nitrobenzene","98953"
"n-nitrosodimethylamine","n-nitrosodimethylamine","62759"
"n-nitrosodi-n-propylamine","n-nitrosodi-n-propylamine","621647"
"n-nitrosodiphenylamine","n-nitrosodiphenylamine","86306"
"dissolved oxygen","dissolved oxygen","7782447"
"e. coli","e. coli",NA
"anthracene","anthracene","120127"
"antimony","antimony","7440360"
"arsenic","arsenic","7440382"
"asbestos","asbestos","1332214"
"benzene","benzene","71432"
"benzidine","benzidine","92875"
"benzo(a) anthracene","benzo(a) anthracene","56553"
"benzo(a) pyrene","benzo(a) pyrene","50328"
"benzo(b) fluoranthene","benzo(b) fluoranthene","205992"
"benzo(ghi)perylene","benzo(ghi)perylene","191242"
"benzo(k) fluoranthene","benzo(k) fluoranthene","207089"
"beta-endosulfan","beta-endosulfan","33213659"
"beta-hch (beta-bhc)","beta-hexachlorocyclohexane (hch)","319857"
"bis(2-chloroethyl) ether","bis(2-chloroethyl) ether","111444"
"bis(2-chloroisopropyl) ether","bis(2-chloro-1-methylethyl) ether","108601"
"bis(2-ethylhexyl) phthalate","bis(2-ethylhexyl) phthalate","117817"
"bromoform","bromoform","75252"
"bromomethane (methyl bromide)","bromomethane (methyl bromide)","74839"
"1,1,2,2-tetrachloroethane","1,1,2,2-tetrachloroethane","79345"
"1,1,2-trichloroethane","1,1,2-trichloroethane","79005"
"1,1-dichloroethylene","1,1-dichloroethylene","75354"
"1,2,4-trichlorobenzene","1,2,4-trichlorobenzene","120821"
"1,2-dichlorobenzene","1,2-dichlorobenzene","95501"
"1,2-dichloroethane","1,2-dichloroethane","107062"
"1,2-dichloropropane","1,2-dichloropropane","78875"
"1,2-diphenylhydrazine","1,2-diphenylhydrazine","122667"
"dibromochloromethane (chlorodibromomethane)","chlorodibromomethane","124481"
"dibutyl phthalate (di-n-butyl phthalate)","di-n-butyl phthalate","84742"
"dichlorobromomethane","dichlorobromomethane","75274"
"dieldrin","dieldrin","60571"
"diethyl phthalate","diethyl phthalate","84662"
"dimethyl phthalate","dimethyl phthalate","131113"
"dioxin (2,3,7,8-tcdd)","2,3,7,8-tcdd (dioxin)","1746016"
"endosulfan sulfate","endosulfan sulfate","1031078"
"endrin","endrin","72208"
"endrin aldehyde","endrin aldehyde","7421934"
"ethylbenzene","ethylbenzene","100414"
"fluoranthene","fluoranthene","206440"
"fluorene","fluorene","86737"
"gamma-hch (gamma-bhc, lindane)","gamma-hexachlorocyclohexane (hch) (lindane)","58899"
"heptachlor","heptachlor","76448"
"heptachlor epoxide","heptachlor epoxide","1024573"
"hexachlorobenzene","hexachlorobenzene","118741"
"hexachlorobutadiene","hexachlorobutadiene","87683"
"hexachlorocyclopentadiene","hexachlorocyclopentadiene","77474"
"hexachloroethane","hexachloroethane","67721"
"indeno (1,2,3-cd) pyrene","indeno(1,2,3-cd)pyrene","193395"
"enterococci","enterococci",NA
"pentachlorophenol","pentachlorophenol","87865"
"pH (acidity/alkalinity)","pH (acidity/alkalinity)",NA
"phenanthrene","phenanthrene","85018"
"phenol","phenol","108952"
"polychlorinated biphenyls (pcbs)","polychlorinated biphenyls (pcbs)","1336363"
"pyrene","pyrene","129000"
"selenium","selenium","7782492"
"2,4,5-trichlorophenol","2,4,5-trichlorophenol","95954"
"2,5-dichlorophenol","2,5-dichlorophenol","583788"
"2,6-dichlorophenol","2,6-dichlorophenol","87650"
"2-methyl-4,6-dinitrophenol","2-methyl-4,6-dinitrophenol","534521"
"2-methyl-4-chlorophenol","2-methyl-4-chlorophenol","1570645"
"3,4-dichlorophenol","3,4-dichlorophenol","95772"
"3-chlorophenol","3-chlorophenol","108430"
"3-methyl-6-chlorophenol","3-methyl-6-chlorophenol","615747"
"4-chlorophenol","4-chlorophenol","106489"
"beta-bhc","beta-hexachlorocyclohexane (hch)","319857"
"chlorophenyl phenyl ether 4","chlorophenyl phenyl ether 4",NA
"chlorpyrifos","chlorpyrifos","2921882"
"chromium +3","chromium (iii)","16065831"
"chromium +6","chromium (vi)","18540299"
"delta-bhc","hexachlorocyclohexane delta","319868"
"dichloropropane (1,2)","1,2-dichloropropane","78875"
"dichloroethylene (1,2-trans)","trans-1,2-dichloroethylene","156605"
"1,3-dichloropropene","1,3-dichloropropene","542756"
"dichlorobenzene (1,4)","1,4-dichlorobenzene","106467"
"tetrachlorophenol 2,3,4,6","2,3,4,6-tetrachlorophenol","58902"
"2,3-dichlorophenol","2,3-dichlorophenol","576249"
"dimethylphenol  (2,4)","2,4-dimethylphenol","105679"
"tetrachlorobenzene,1,2,4,5-","1,2,4,5-tetrachlorobenzene","95943"
"tributyltin (tbt)","tributyltin (tbt)","688733"
"1,1,1-trichloroethane","1,1,1-trichloroethane","71556"
"chlorodibromomethane","chlorodibromomethane","124481"
"guthion","guthion","86500"
"hexachlorocyclo-hexane-technical","hexachlorocyclohexane (hch)-technical","608731"
"iron","iron","7439896"
"dinitrophenols","dinitrophenols","25550587"
"ether, bis(chloromethyl)","bis(chloromethyl) ether","542881"
"2,3,7,8-tcdd (dioxin)","2,3,7,8-tcdd (dioxin)","1746016"
"malathion","malathion","121755"
"hexachlorocyclohexane (technical)","hexachlorocyclohexane (hch)-technical","608731"
"chlorine","chlorine","7782505"
"2,6-dinitrotoluene","2,6-dinitrotoluene","606202"
"chloronaphthalene 2","2-chloronaphthalene","91587"
"chlorophenol 2","2-chlorophenol","95578"
"2-nitrophenol","2-nitrophenol","88755"
"dichlorobenzidine (3,3)","3,3'-dichlorobenzidine","91941"
"diazinon (spectracide)","diazinon","333415"
"sulfide-hydrogen sulfide","hydrogen sulfide","7783064"
"ddd (4,4')","p,p'-dichlorodiphenyldichloroethane (ddd)","72548"
"dde (4,4')","p,p'-dichlorodiphenyldichloroethylene (dde)","72559"
"ddt (4,4')","p,p'-dichlorodiphenyltrichloroethane (ddt)","50293"
"dinitro-o-cresol (4,6)","2-methyl-4,6-dinitrophenol","534521"
"4-bromophenyl phenyl ether","4-bromophenyl phenyl ether","101553"
"4-nitrophenol","4-nitrophenol","100027"
"parathion","parathion","56382"
"pentachlorobenzene","pentachlorobenzene","608935"
"di-n-butyl phthalate","di-n-butyl phthalate","84742"
"gases, total dissolved","gases, total dissolved",NA
"nitrosodiethylamine, n","nitrosodiethylamine","55185"
"nitrosopyrrolidine, n","nitrosopyrrolidine","930552"
"nonylphenol","nonylphenol","84852153"
"temperature","temperature",NA
"tetrachloroethanes","tetrachloroethanes","25322207"
"chlorinated ethylenes","chlorinated ethylenes",NA
"endothall","endothall","145733"
"diphenylhydrazines","diphenylhydrazines",NA
"manganese","manganese","7439965"
"methoxychlor","methoxychlor","72435"
"methyl bromide","methyl bromide","74839"
"ethylene thioureau (etu)","ethylene thioureau (etu)",NA
"kepone","kepone","143500"
"pentachloronitrobenzene","pentachloronitrobenzene",NA
"phorate and disulfoton","phorate and disulfoton",NA
"methylmercury","methylmercury","22967926"
"mirex","mirex","2385855"
"monochlorobenzene","monochlorobenzene","108907"
"nitrates","nitrates","14797558"
"nitrosamines","nitrosamines","35576911"
"nitrosodibutylamine, n","nitrosodibutylamine","924163"
"trichloroethane 1,1,1","1,1,1-trichloroethane","71556"
"tetrachloroethane 1,1,2,2","1,1,2,2-tetrachloroethane","79345"
"trichloroethane 1,1,2","1,1,2-trichloroethane","79005"
"dichloroethylene (1,1)","1,1-dichloroethylene","75354"
"chlorinated benzenes","chlorinated benzenes",NA
"chlorinated naphthalenes","chlorinated naphthalenes",NA
"chloroethoxy methane (bis-2)","chloroethoxy methane (bis-2)",NA
"chloroethyl vinyl ether-2","chloroethyl vinyl ether-2",NA
"chloroisopropyl ether (bis-2)","chloroisopropyl ether (bis-2)",NA
"chloromethyl ether (bis)","chloromethyl ether (bis)",NA
"chromium (total)","chromium","7440473"
"phthalate esters","phthalate esters",NA
"pcb-1242","pcb-1242","53469219"
"pcb-1248","pcb-1248","12672296"
"nitrophenols","nitrophenols",NA
"nitrosodibutylamine n","nitrosodibutylamine","924163"
"nitrosodiethylamine n","nitrosodiethylamine","55185"
"nitrosodimethylamine n","n-nitrosodimethylamine","62759"
"nitrosopyrrolidine n","nitrosopyrrolidine","930552"
"di-2-ethylhexyl phthalate","bis(2-ethylhexyl) phthalate","117817"
"pcb-1254","pcb-1254","11097691"
"pcb-1260","pcb-1260","11096825"
"chloro-4 methyl-3 phenol","3-methyl-4-chlorophenol","59507"
"pentachloroethane","pentachloroethane","76017"
"tetrachlorophenol 2,3,5,6","2,3,4,6-tetrachlorophenol","935955"
"polynuclear aromatic hydrocarbons","polycyclic aromatic hydrocarbons (pahs)",NA
"nitrosodi-n-propylamine n","n-nitrosodi-n-propylamine","621647"
"nitrosodiphenylamine n","n-nitrosodiphenylamine","86306"
"pcb-1016","pcb-1016","12674112"
"pcb-1221","pcb-1221","11104282"
"trichlorinated ethanes","trichlorinated ethanes","25323891"
"1-chloronaphthalene","1-chloronaphthalene","90131"
"2,3-dinitrotoluene","2,3-dinitrotoluene","602017"
"benzo(g,h,i) perylene","benzo(ghi)perylene","191242"
"trichlorophenol,2,4,5-","2,4,5-trichlorophenol","95954"
"dichlorobenzenes","1,3-dichlorobenzene","541731"
"dichlorodifluoromethane","dichlorodifluoromethane","75718"
"dichloroethylenes","dichloroethylenes","25323303"
"dichloropropanes","1,2-dichloropropane","78875"
"dichloropropenes","1,3-dichloropropene","542756"
"gamma-bhc (lindane)","gamma-hexachlorocyclohexane (hch) (lindane)","58899"
"haloethers","haloethers",NA
"halomethanes","halomethanes",NA
"dinitrotoluenes","dinitrotoluenes","121142"
"di-n-octyl phthalate","di-n-octyl phthalate","117840"
"chloralkyl ethers","chloralkyl ethers",NA
"alpha-bhc","alpha-hexachlorocyclohexane (hch)","319846"
"aniline","aniline","62533"
"benzene hexachloride-gamma (lindane)","gamma-hexachlorocyclohexane (hch) (lindane)","58899"
"nitrate","nitrates","14797558"
"total phosphorus","total phosphorus",NA
"turbidity","turbidity",NA
"fecal coliform","fecal coliform",NA
"total coliform","total coliform",NA
"dinitro-o-cresol (2,4)","dinitro-o-cresol (2,4)",NA
"enterococcus","enterococci",NA
"2,4-d","chlorophenoxy herbicide (2,4-d)","94757"
"chlorophyll a","chlorophyll a",NA
"epichlorohydrin","epichlorohydrin","106898"
"ethylene glycol","ethylene glycol","107211"
"4,4'-isopropylidenediphenol (bisphenol A)","4,4'-isopropylidenediphenol (bisphenol A)","80057"
"methyl t-butyl ether (mtbe)","methyl tertiary-butyl ether","1634044"
"2,4,6-trinitrophenol","2,4,6-trinitrophenol","89891"
"2,4-dichloro-6-methylphenol","2,4-dichloro-6-methylphenol","1570656"
"2,4-dinitro-6-methyl phenol","2,4-dinitro-6-methyl phenol",NA
"turbidity increase","turbidity increase",NA
"total ammonia nitrogen","total ammonia nitrogen",NA
"chromium","chromium","7440473"
"pcbs total","polychlorinated biphenyls (pcbs)","1336363"
"4-chloro-2-methylphenol","4-chloro-2-methylphenol",NA
"4,4'-ddt","p,p'-dichlorodiphenyltrichloroethane (ddt)","50293"
"benzene hexachloride-alpha","alpha-hexachlorocyclohexane (hch)","319846"
"ammonia, un-ionized","ammonia","7664417"
"trichlorofluoromethane","trichlorofluoromethane","75694"
"1,1,1,2-tetrachloroethane","1,1,1,2-tetrachloroethane","630206"
"1,1-dichloropropane","1,1-dichloropropane","78999"
"1,2,3,5-tetrachlorobenzene","1,2,3,5-tetrachlorobenzene","634902"
"1,3-dichloropropane","1,3-dichloropropane","142289"
"benzene hexachloride-beta","beta-hexachlorocyclohexane (hch)","319857"
"polycyclic aromatic hydrocarbons","polycyclic aromatic hydrocarbons (pahs)",NA
"1,2,4,5-tetrachlorobenzene","1,2,4,5-tetrachlorobenzene","95943"
"gross beta radioactivity","gross beta particles",NA
"radium-226","radium 226",NA
"strontium-90","strontium 90",NA
"butylbenzyl phthalate","butylbenzyl phthalate","85687"
"carbaryl","carbaryl","63252"
"diazinon","diazinon","333415"
"endosulfan","endosulfan","115297"
"endosulfan (alpha & beta)","endosulfan","115297"
"phosphorous (yellow)","phosphorous (yellow)","7723140"
"simazine","simazine","122349"
"strontium 90","strontium 90",NA
"styrene","styrene","100425"
"sulfate","sulfate",NA
"sulfite","sulfite",NA
"tert-butylbenzene","tert-butylbenzene","98066"
"tetrachlorobenzenes","tetrachlorobenzenes",NA
"4-chlorobenzotrifluoride","4-chlorobenzotrifluoride","98566"
"4-chlorotoluene","4-chlorotoluene","106434"
"4-isopropyltoluene","4-isopropyltoluene","99876"
"4-methylstyrene","4-methylstyrene","622979"
"acetaldehyde","acetaldehyde","75070"
"alachlor","alachlor","15972608"
"aldicarb","aldicarb","116063"
"aldrin and dieldrin","aldrin and dieldrin",NA
"alpha,2,4-trichlorotoluene","alpha,2,4-trichlorotoluene","94995"
"alpha,2,6-trichlorotoluene","alpha,2,6-trichlorotoluene","2014837"
"alpha,3,4-trichlorotoluene","alpha,3,4-trichlorotoluene","102476"
"alpha,alpha,2-trichlorotoluene","alpha,alpha,2-trichlorotoluene","88664"
"alpha,alpha,4-trichlorotoluene","alpha,alpha,4-trichlorotoluene","139408"
"trichloroethene","trichloroethylene","79016"
"triphenyl phosphate","triphenyl phosphate","115866"
"azinphosmethyl","guthion","86500"
"beta-hexachlorocyclohexane","beta-hexachlorocyclohexane (hch)","319857"
"bromochloromethane","bromochloromethane","74975"
"alpha-hexachlorocyclohexane","alpha-hexachlorocyclohexane (hch)","319846"
"alpha-methylstyrene","alpha-methylstyrene","98839"
"aluminum, ionic","aluminum, ionic",NA
"ammonia and ammonium","ammonia and ammonium",NA
"theophylline","theophylline","58559"
"trans-1,2,3-trichloropropene","trans-1,2,3-trichloropropene","13116580"
"trans-1,2-dichloroethene","trans-1,2-dichloroethylene","156605"
"trans-1-phenyl-1-propene","trans-1-phenyl-1-propene","873665"
"trichlorobenzenes","trichlorobenzenes",NA
"4-chloro-3-methylphenol","3-methyl-4-chlorophenol","59507"
"1,2-trans-dichloroethene","trans-1,2-dichloroethylene","156605"
"1,3-dibromobenzene","1,3-dibromobenzene","108361"
"1,3-xylene","1,3-xylene","108383"
"1,4-dibromobenzene","1,4-dibromobenzene","106376"
"1,4-xylene","1,4-xylene","106423"
"2,2-dichloropropane","2,2-dichloropropane","594207"
"2,3-dichlorotoluene","2,3-dichlorotoluene","32768540"
"2,4,5-trichlorophenoxypropionic acid","chlorophenoxy herbicide (2,4,5-tp) [silvex]","93721"
"2,4-dichlorophenoxyacetic acid","chlorophenoxy herbicide (2,4-d)","94757"
"2,4-dichlorotoluene","2,4-dichlorotoluene","95738"
"2,5-dichlorotoluene","2,5-dichlorotoluene","19398619"
"2,6-dichlorotoluene","2,6-dichlorotoluene","118694"
"dichloromethane (methylene chloride)","methylene chloride","75092"
"methylene chloride (dichloromethane)","methylene chloride","75092"
"nitrate (expressed as n)","nitrate (expressed as n)",NA
"n-nitrosodi-n-methylamine","n-nitrosodi-n-methylamine",NA
"flouride","fluoride","7681494"
"radioactivity - beta emitters","beta emitters",NA
"total dissolved solids","total dissolved solids",NA
"phenols","phenol","108952"
"mbas","methylene blue active substances",NA
"radioactivity - alpha emitters","alpha emitters",NA
"2-(2,4,5-trichlorophenoxy propionic acid) silvex","chlorophenoxy herbicide (2,4,5-tp) [silvex]","93721"
"phosphorus, elemental","phosphorous (yellow)","7723140"
"1,1,1-trichloro-2,2,2-trifluoroethane","1,1,1-trichloro-2,2,2-trifluoroethane","354585"
"1,1,2-trichloro-1,2,2-trifluoroethane","1,1,2-trichloro-1,2,2-trifluoroethane","76131"
"1,1,2-trichloropropane","1,1,2-trichloropropane","598776"
"1,1-dichloroethane","1,1-dichloroethane","75343"
"1,2,3-trichloropropane","1,2,3-trichloropropane","96184"
"1,2,3-trimethylbenzene","1,2,3-trimethylbenzene","526738"
"1,2,4-tribromobenzene","1,2,4-tribromobenzene","615543"
"1,2,4-trimethylbenzene","1,2,4-trimethylbenzene","95636"
"1,2-dibromo-3-chloropropane","1,2 dibromo-3-chloropropane","96128"
"1,2-dibromobenzene","1,2-dibromobenzene","583539"
"2-chlorotoluene","2-chlorotoluene","95498"
"2-isopropyltoluene","2-isopropyltoluene","527844"
"2-methylstyrene","2-methylstyrene","611154"
"3,4-dichlorobenzotrifluoride","3,4-dichlorobenzotrifluoride","328847"
"3,4-dichlorotoluene","3,4-dichlorotoluene","95750"
"3,5-dichlorotoluene","3,5-dichlorotoluene","25186474"
"3-chloro-1,1,1-trifluoropropane","3-chloro-1,1,1-trifluoropropane","460355"
"3-chlorotoluene","3-chlorotoluene","108418"
"3-isopropyltoluene","3-isopropyltoluene","535773"
"3-methylstyrene","3-methylstyrene","100801"
"3-phenyl-1-propene","3-phenyl-1-propene","637503"
"p,p'-ddd","p,p'-dichlorodiphenyldichloroethane (ddd)","72548"
"p,p'-dde","p,p'-dichlorodiphenyldichloroethylene (dde)","72559"
"p,p'-ddt","p,p'-dichlorodiphenyltrichloroethane (ddt)","50293"
"1,2-xylene","1,2-xylene","95476"
"1,3,5-trimethylbenzene","1,3,5-trimethylbenzene","108678"
"nitrate + nitrite","nitrate + nitrite",NA
"beta particles and photon activity","beta particles and photon activity",NA
"2,2'-Oxybis(1-Chloropropane)","bis(2-chloro-1-methylethyl) ether","108601"
"arsenic (iii)","arsenic (iii)",NA
"total residual chlorine","chlorine",NA
"p-chloro-m-cresol","3-methyl-4-chlorophenol","59507"
"p-cresol","p-cresol","106445"
"tetrachloroethene","tetrachloroethylene","127184"
"chlorine produced oxidant","chlorine","7782505"
"microcystin toxin concentration","microcystin toxin concentration",NA
"cylindrospermopsin","cylindrospermopsin","143545908"
"2,4 dichlorophenoxyacetic acid (2,4-d)","chlorophenoxy herbicide (2,4-d)","94757"
"i-propanol","i-propanol","71238"
"uranium","uranium","7440611"
"sulfide-hydrogen sulfide (undissociated)","hydrogen sulfide","7783064"
"oil and grease","oil and grease",NA
"trans-1,2-dichloroethylene","trans-1,2-dichloroethylene","156605"
"trichloroethylene","trichloroethylene","79016"
"trihalomethanes","trihalomethanes",NA
"phenyl ether","phenyl ether","101848"
"quaternary ammonium compounds","quaternary ammonium compounds",NA
"radium 226","radium 226","13982636"
"radium 226 and radium 228","radium 226 and 228 combined",NA
"sec-butylbenzene","sec-butylbenzene","135988"
"bromodichloromethane","dichlorobromomethane","75274"
"methyliso-butyl ketone","methyliso-butyl ketone","108101"
"metolachlor","metolachlor","51218452"
"combined radium-226 and radium-228","radium 226 and 228 combined",NA
"delta-hexachlorocyclohexane","hexachlorocyclohexane delta","319868"
"chlorides","chloride","16887006"
"hardness","hardness",NA
"tritium","tritium",NA
"vanadium","vanadium","7440622"
"carbofuran","carbofuran","1563662"
"carbon disulfide","carbon disulfide","75150"
"chlorobenzene","monochlorobenzene","108907"
"n-nitroso-n-dibutylamine","nitrosodibutylamine","924163"
"n-nitrosodiethylamine","nitrosodiethylamine","55185"
"n-nitrosopyrrolidine","nitrosopyrrolidine","930552"
"cis-1,2,3-trichloropropene","cis-1,2,3-trichloropropene","13116579"
"cis-1,2-dichloroethene","1,2-cis-dichloroethylene","156592"
"cis-1-phenyl-1-propene","cis-1-phenyl-1-propene","766905"
"cobalt","cobalt","7440484"
"dechlorane plus","dechlorane plus","13560899"
"fluoride","fluoride","7681494"
"gamma-hexachlorocyclohexane","gamma-hexachlorocyclohexane (hch) (lindane)","58899"
"methylene bisthiocyanate","methylene bisthiocyanate","6317186"
"n,n-dimethylaniline","n,n-dimethylaniline","121697"
"n-butylbenzene","n-butylbenzene","104518"
"niacinamide","niacinamide","98920"
"di(2-ethylhexyl)adipate","di (2-ethylhexyl) adipate","103231"
"dibromodichloromethane","dibromodichloromethane","594183"
"dichlorofluoromethane","dichlorofluoromethane","75434"
"diquat","diquat","85007"
"dyphylline","dyphylline","479185"
"epsilon-hexachlorocyclohexane","epsilon-hexachlorocyclohexane","6108107"
"foaming agents","foaming agents",NA
"gross alpha particle activity","gross alpha particles",NA
"formaldehyde","formaldehyde","50000"
"xylene","xylene","1330207"
"ethylene dibromide","1,2-dibromoethane","106934"
"gross alpha radiation","gross alpha particles",NA
"gross beta radiation","gross beta particles",NA
"bromomethane","methyl bromide","74839"
"hydrogen sulfide","hydrogen sulfide","7783064"
"2,4,5-tp (silvex)","chlorophenoxy herbicide (2,4,5-tp) [silvex]","93721"
"percent nuisance algal cover","percent nuisance algal cover",NA
"hydrazine","hydrazine","302012"
"hydroquinone","hydroquinone","123319"
"isodecyl diphenyl phosphate","isodecyl diphenyl phosphate","29761215"
"isothiazolones, total (isothiazolinones)","isothiazolones, total (isothiazolinones)",NA
"linear alkyl benzene sulfonates (las)","linear alkyl benzene sulfonates (las)",NA
"magnesium","magnesium","7439954"
"dissolved alpha emitters","dissolved alpha emitters",NA
"nitrate and nitrite (expressed as n)","nitrate and nitrite (expressed as n)",NA
"nitrilotriacetic acid","nitrilotriacetic acid","139139"
"nitrite (expressed as n)","nitrite","14797650"
"n-methylaniline","n-methylaniline","100618"
"n-propylbenzene","n-propylbenzene","103651"
"octachlorostyrene","octachlorostyrene","29082744"
"parathion and methyl parathion","parathion and methyl parathion",NA
"phenolic compounds","phenolic compounds",NA
"phenols, total chlorinated","phenols, total chlorinated",NA
"gross beta activity","gross beta particles",NA
"phenols, total unchlorinated","phenols, total unchlorinated",NA
"2,4,5-trichloro-phenoxypropionic acid (2,4,5-tp-silvex)","chlorophenoxy herbicide (2,4,5-tp) [silvex]","93721"
"2-methyl-4-6-dinitrophenol","2-methyl-4,6-dinitrophenol","534521"
"chlorinated benzenes (except di)","chlorinated benzenes",NA
"chlorinated ethanes","chlorinated ethanes",NA
"atrazine","atrazine","1912249"
"2-chloroethyl vinyl ether","2-chloroethyl vinyl ether","110758"
"2-hexanone","2-hexanone","591786"
"2-propanol","2-propanol","67630"
"hexachlorocyclohexane","hexachlorocyclohexane (hch)-technical","608731"
"total dissolved gases","total dissolved gases",NA
"chloride plus sulfate","chloride plus sulfate",NA
"n-nitrosodi-n-butylamine","nitrosodibutylamine","924163"
"n-nitrosopyrrolidene","nitrosopyrrolidine","930552"
"picloram","picloram","1918021"
"radium 226 and 228","radium 226 and 228 combined",NA
"secchi depth","secchi depth",NA
"acetone","acetone","67641"
"2,4,5-trichlorophenoxypropionic acid (2,4,5-tp-silvex)","chlorophenoxy herbicide (2,4,5-tp) [silvex]","93721"
"1,1-dichloroethene","1,1-dichloroethylene","75354"
"cis-1,2-dichloroethylene","1,2-cis-dichloroethylene","156592"
"dalapon","dalapon","75990"
"2,4,5-trichlorophenoxyprioponic acid","chlorophenoxy herbicide (2,4,5-tp) [silvex]","93721"
"2,4-dichlorophennoxyacetic","chlorophenoxy herbicide (2,4-d)","94757"
"di(2-ethylhexyl) adipate","di (2-ethylhexyl) adipate","103231"
"temperature rise above ambient","temperature rise above ambient",NA
"bis(2-chloro-1-methylethyl) ether","bis(2-chloro-1-methylethyl) ether","108601"
"dissolved inorganic phosphorus","dissolved inorganic phosphorus",NA
"dissolved inorganic nitrogen","dissolved inorganic nitrogen",NA
"carbaryl (sevin)","carbaryl","63252"
"2-4-d","chlorophenoxy herbicide (2,4-d)","94757"
"dinoseb","dinoseb","88857"
"total nitrogen","total nitrogen",NA
"oxamyl (vydate)","oxamyl (vydate)","23135220"
"ortho-dichlorobenzene","1,2-dichlorobenzene","95501"
"beta particles and photon emitters","beta particles and photon activity",NA
"para-dichlorobenzene","para-dichlorobenzene",NA
"glyphosate","glyphosate","1071836"
"cis 1,2-dichloroethylene","1,2-cis-dichloroethylene","156592"
"di (2-ethylhexyl) phthalate","bis(2-ethylhexyl) phthalate","117817"
"nitrites","nitrite","14797650"
"dibromo chloropropane","1,2 dibromo-3-chloropropane","96128"
"dichloromethane","methylene chloride","75092"
"2,4-dichloro-phenoxyacetic acid (2,4-d)","chlorophenoxy herbicide (2,4-d)","94757"
"2,4,5 trichloro-phenoxypropionic acid","chlorophenoxy herbicide (2,4,5-tp) [silvex]","93721"
"radioactivity: alpha emitters","alpha emitters",NA
"radio activity: beta emitters","beta emitters",NA
"4,6-dinitro-2-methylphenol","4,6-dinitro-2-methylphenol","534521"
"total suspended solids","solids suspended and turbidity",NA
"pcb-1232","pcb-1232","11141165"
"color","color",NA
"radium 226 and 228 combined","radium 226 and 228 combined",NA
"biochemical oxygen demand","biochemical oxygen demand",NA
"alkalinity decrease","alkalinity decrease",NA
"odor","odor",NA
"chloromethane","methyl chloride","74873"
"3,4-benzofluoranthene","benzo(b) fluoranthene","205992"
"a-endosulfan","alpha-endosulfan","959988"
"fluorides","fluoride","7681494"
"phosphorus","phosphorous (yellow)","7723140"
"bromate","bromate","15541454"
"bromine","bromine","7726956"
"sulfates","sulfate","14808798"
"trialkyltin compounds","trialkyltin compounds",NA
"aesthetic qualities","aesthetic qualities",NA
"1,1,2-trichloroethylene","trichloroethylene","79016"
"chlorite","chlorite","67481"
"dichloroacetic acid","dichloroacetic acid","79436"
"total chlorinated phenols and chlorinated cresols","total chlorinated phenols and chlorinated cresols",NA
"mercury (II)","mercury (II)",NA
"conductance, specific","conductivity",NA
"osmotic pressure","osmotic pressure",NA
"hexa chlorocyclohexane (gamma bhc; lindane)","gamma-hexachlorocyclohexane (hch) (lindane)","58899"
"sulfides","sulfides",NA
"lindane","gamma-hexachlorocyclohexane (hch) (lindane)","58899"
"radionuclides","radionuclides",NA
"specific conductance","specific conductance",NA
"alpha emitters","alpha emitters",NA
"beta emitters","beta emitters",NA
"detergents","detergents",NA
"methyl ethyl ketone","methyl ketone","78933"
"1,2-dichloroethane (edc)","1,2-dichloroethane","107062"
"phenolics","phenolics",NA
"dissolved solids","dissolved solids",NA
"Perfluorooctanoic Acid (PFOA)","Perfluorooctanoic Acid (PFOA)","45285516"
"cyanide (free)","cyanide","57125"
"Perfluorooctanesulfonic Acid (PFOS)","Perfluorooctanesulfonic Acid (PFOS)","1763231"
"2-(2,4,5-trichlorophenoxy propionic acid (2,4,5-tp; silvex)","chlorophenoxy herbicide (2,4,5-tp) [silvex]","93721"
"carbon tetrachloride (tetrachloromethane)","carbon tetrachloride","56235"
"2-4-dichlorophenoxyacetic acid (2,4-d)","chlorophenoxy herbicide (2,4-d)","94757"
"chromium iii (tri)","chromium (iii)","16065831"
"chromium vi (hex)","chromium (vi)","18540299"
"chlorine dioxide","chlorine dioxide","10049044"
"polychlorinated biphenyls, total","polychlorinated biphenyls (pcbs)","1336363"
"phenol (total)","phenol","108952"
"polychlorinated biphenyls, total (pcbs)","polychlorinated biphenyls (pcbs)","1336363"
"silvex (2,4,5-tp, 2-{2,4,5-trichlorophenoxy]propionic","chlorophenoxy herbicide (2,4,5-tp) [silvex]","93721"
"bis(2-chloromethyl) ether","bis(chloromethyl) ether",NA
"Perfluorohexanesulfonic Acid (PFHxS)","Perfluorohexanesulfonic Acid (PFHxS)","355464"
"Perfluorononanoic Acid (PFNA)","Perfluorononanoic Acid (PFNA)","375951"
"nitrite","nitrite","14797650"
"Hexafluoropropylene oxide dimer acid (HFPO-DA)","Hexafluoropropylene oxide dimer acid (HFPO-DA)","13252136"
"odor, ton","odor, ton",NA
"oil","oil and grease",NA
"salinity","salinity",NA
"nitrate and nitrite","nitrate + nitrite",NA
"gross beta","gross beta particles",NA
"chloramine","chloramine",NA
"2,3,7,8-tetrachlorodibenzop-dioxin","2,3,7,8-tcdd (dioxin)","1746016"
"tde (ddd)","p,p'-dichlorodiphenyldichloroethane (ddd)","72548"
"dde","p,p'-dichlorodiphenyldichloroethylene (dde)","72559"
"ddt","p,p'-dichlorodiphenyltrichloroethane (ddt)","50293"
"trichloracetic acid","trichloracetic acid","76039"
"xylenes","xylene","1330207"
"p-dichlorobenzene","1,4-dichlorobenzene","106467"
"pyridine","pyridine","110861"
"bis(chloromethyl) ether","bis(chloromethyl) ether","542881"
"bromotrichloromethane","bromotrichloromethane","75627"
"bromoxynil","bromoxynil","1689849"
"metalaxyl","metalaxyl","57837191"
"methamidophos","methamidophos","10265926"
"methomyl","methomyl","16752775"
"methyl tertiary-butyl ether","methyl tertiary-butyl ether","1634044"
"metribuzin","metribuzin","21087649"
"metsulfuron methyl","metsulfuron methyl","74223646"
"m-xylene","1,3-xylene","108383"
"nicosulfuron","nicosulfuron","111991094"
"n-nitrosomethylamine","n-nitrosomethylamine",NA
"ammonium sulfamate","ammonium sulfamate","773060"
"azoxystrobin","azoxystrobin","131860338"
"bentazon","bentazon","25057890"
"di-2-ethylhexyl adipate","di (2-ethylhexyl) adipate","103231"
"dichlorobenzidine","3,3'-dichlorobenzidine","91941"
"trc","trc",NA
"total trihalomethanes","trihalomethanes","67663"
"endosulfan, ii","beta-endosulfan","33213659"
"di(2-ethylhexyl)phthalate","bis(2-ethylhexyl) phthalate","117817"
"bromacil","bromacil","314409"
"pH variation","pH variation",NA
"radium 226, 228 (combined)","radium 226 and 228 combined",NA
"nitrogen","total nitrogen",NA
"dichlorvos","dichlorvos","62737"
"cresols","cresols","1319773"
"danitol","danitol","39515418"
"hexachlorocyclohexane (hch)-technical","hexachlorocyclohexane (hch)-technical","608731"
"methylene blue active substances","methylene blue active substances",NA
"1,3-dichloropropylene, cis & trans","1,3-dichloropropene","542756"
"chloroalkyl ethers","chloroalkyl ethers",NA
"perchlorate","perchlorate","7601903"
"molybdenum","molybdenum","7439987"
"pcbs","polychlorinated biphenyls (pcbs)","1336363"
"transparency (as phytoplankton)","transparency (as phytoplankton)",NA
"haloacetic acids","haloacetic acid",NA
"2,4,5-tp (propionic acid)","2,4,5-t","93765"
"dissolved gases","dissolved gases",NA
"nitrophenol 4","4-nitrophenol","100027"
"nitrosodimethylamine, n","n-nitrosodimethylamine","62759"
"biochemical oxygen demand (bod)","biochemical oxygen demand (bod)",NA
"foaming agents (methylene-blue active substances)","methylene blue active substances",NA
"gamma-hexachlorocyclohexane (hch) (lindane)","gamma-hexachlorocyclohexane (hch) (lindane)","58899"
"trichlorophenoxypropionic acid (2,4,5-tp)","chlorophenoxy herbicide (2,4,5-tp) [silvex]","93721"
"dichloroethylene (cis-1,2)","1,2-cis-dichloroethylene","156592"
"change of natural temperature","temperature rise above ambient",NA
"color above naturally occurring","color above naturally occurring",NA
"chlorophyll a (corrected)","chlorophyll a (corrected)",NA
"aldicarb sulfone","aldicarb sulfone","1646884"
"aldiscarb sulfoxide","aldiscarb sulfoxide","1646873"
"nitrite + nitrate","nitrate + nitrite",NA
"bhc-technical grade","hexachlorocyclohexane (hch)-technical","608731"
"imazalil","imazalil",NA
"imazapic","imazapic",NA
"imazethapyr","imazethapyr",NA
"beta particle and photon activity","beta particles and photon activity",NA
"silvex","chlorophenoxy herbicide (2,4,5-tp) [silvex]","93721"
"thiobencarb","thiobencarb",NA
"lithium","lithium","7439932"
"conductivity","conductivity",NA
"chloronapthalene","2-chloronaphthalene","91587"
"n-nitrosodibutylamine","nitrosodibutylamine","924163"
"p,p'-dichlorodiphenyldichloroethane (ddd)","p,p'-dichlorodiphenyldichloroethane (ddd)","72548"
"p,p'-dichlorodiphenyldichloroethylene (dde)","p,p'-dichlorodiphenyldichloroethylene (dde)","72559"
"p,p'-dichlorodiphenyltrichloroethane (ddt)","p,p'-dichlorodiphenyltrichloroethane (ddt)","50293"
"ddt and metabolites","p,p'-dichlorodiphenyltrichloroethane (ddt)","50293"
"tribromochloromethane","tribromochloromethane",NA
"tribromodiphenyl ether","tribromodiphenyl ether",NA
"DDT-total","DDT-total",NA
"sodium adsorption ratio","sodium adsorption ratio",NA
"total dissolved gas","total dissolved gases",NA
"total petroleum hydrocarbons","total petroleum hydrocarbons",NA
"iodine 131","iodine 131",NA
"strontium 89","strontium 89",NA
"propioconazole","propiconazole",NA
"prosulfuron","prosulfuron",NA
"pyrosulfotole","pyrosulfotole",NA
"pyroxsulam","pyroxsulam",NA
"sulfosulfuron","sulfosulfuron",NA
"tebuconazole","tebuconazole",NA
"1,2-dichloroethylene (cis)","1,2-cis-dichloroethylene","156592"
"nitrosodibutylamine","nitrosodibutylamine","924163"
"nitrosodiethylamine","nitrosodiethylamine","55185"
"nitrosopyrrolidine","nitrosopyrrolidine","930552"
"dicofol","dicofol","115322"
"diuron","diuron","330541"
"beta-hexachlorocyclohexane (hch)","beta-hexachlorocyclohexane (hch)","319857"
"gross alpha particles","gross alpha particles",NA
"1,1,1-tce","1,1,1-trichloroethane","71556"
"2,4,6 tnt","2,4,6 tnt","118967"
"hexachlorophene","hexachlorophene","70304"
"hydrazine/hydrazine sulfate","hydrazine","302012"
"butylate","butylate","2008415"
"carboxin","carboxin","5234684"
"di(2ethylhexyl) adipate","di (2-ethylhexyl) adipate","103231"
"oxamyl","oxamyl (vydate)","23135220"
"pinoxaden","pinoxaden",NA
"primisulfuron methyl","primisulfuron methyl","86209510"
"prometon","prometon","1610180"
"pronamide","pronamide","23950585"
"propachlor","propachlor","1918167"
"propazine","propazine","139402"
"propham","propham","122429"
"propoxur","propoxur","114261"
"p-xylene","1,4-xylene","106423"
"dibromochloropropane","1,2 dibromo-3-chloropropane","96128"
"dcpa","dcpa","1861321"
"dibromochloropropane (dbcp)","1,2 dibromo-3-chloropropane","96128"
"chlopyralid","chlopyralid","1702176"
"chloramben","chloramben","133904"
"chlorimuron ethyl","chlorimuron ethyl","90982324"
"cis-1,3-dichloropropene","cis-1,3-dichloropropene","10061015"
"cyanizine","cyanizine","21725462"
"dacthal","dcpa","1861321"
"dalapon (sodium salt)","dalapon (sodium salt)","127208"
"demethoate","demethoate","60515"
"dicamba","dicamba","1918009"
"plutonium 239 and 240","plutonium 239 and 240",NA
"1,4-dioxane","1,4-dioxane","123911"
"azobenzene","azobenzene","103333"
"phosphate","phosphate",NA
"tkn","total kjehldal nitrogen",NA
"srp","soluble reactive phosphorus",NA
"n-nitroso-n-propylamine","n-nitrosodi-n-propylamine","621647"
"n-nitrosophenylamine","n-nitrosophenylamine",NA
"pahs","polycyclic aromatic hydrocarbons (pahs)",NA
"n-nitrosodiethanolamine","n-nitrosodiethanolamine","1116547"
"delta-hch (delta-bhc)","hexachlorocyclohexane delta","319868"
"dichloropropane","dichloropropane","26638197"
"dichloropropene","dichloropropene","26952238"
"petroleum oil","petroleum oil",NA
"alpha-hexachlorocyclohexane (hch)","alpha-hexachlorocyclohexane (hch)","319846"
"1,2 dibromo-3-chloropropane","1,2 dibromo-3-chloropropane","96128"
"total phosphate","total phosphate",NA
"tcdd equivalents","tcdd equivalents",NA
"chromium iii","chromium (iii)","16065831"
"chromium vi","chromium (vi)","18540299"
"indeno(1,2,3-cd)pyrene","indeno(1,2,3-cd)pyrene","193395"
"hexachlorodibenzo-p-dioxin (1,2,3,7,8,9-hcdd)","hexachlorodibenzo-p-dioxin (1,2,3,7,8,9-hcdd)","19408743"
"fenamiphos","fenamiphos","22224926"
"fluometuron","fluometuron","2164172"
"oils","oil and grease",NA
"oils, fats, and grease","oil and grease",NA
"diel dissolved oxygen flux","diel dissolved oxygen flux",NA
"endosulfan i (alpha)","alpha-endosulfan","959988"
"hexachlorocyclohexane (alpha)","alpha-hexachlorocyclohexane (hch)","319846"
"endosulfan ii (beta)","beta-endosulfan","33213659"
"o-dichlorobenzene","1,2-dichlorobenzene","95501"
"radium 228","radium 228","15262201"
"radon 222","radon 222","14859677"
"dimethrin","dimethrin","70382"
"dioxin chlorinated dibenzo‐p‐dioxins and chlorinated dibenzofurans","2,3,7,8-tcdd (dioxin)","1746016"
"diphenamid","diphenamid","957517"
"disulfoton","disulfoton","298044"
"americium 241","americium 241",NA
"aramite","aramite","140578"
"dichlorobenzene, o- (o-dichlorobenzene)","1,2-dichlorobenzene","95501"
"dichlorobenzene, para- (para-dichlorobenzene)","1,4-dichlorobenzene","106467"
"2,4,5-trichlorophenoxy propionic acid (tp silvex)","chlorophenoxy herbicide (2,4,5-tp) [silvex]","93721"
"folpet","folpet","133073"
"furmecyclox","furmecyclox","60568050"
"glysphosate","glyphosate","1071836"
"aminomethylphosphonic acid (ampa)","aminomethylphosphonic acid (ampa)",NA
"propylene oxide","propylene oxide","75569"
"quinoline","quinoline","91225"
"mcpp","mcpp","7085190"
"4,4'-dibromodiphenyl ether","4,4'-dibromodiphenyl ether",NA
"hexabromodiphenyl ether","hexabromodiphenyl ether","68631492"
"chloroacetic acid","chloroacetic acid",NA
"2,3,4,6-tetrachlorophenol","2,3,4,6-tetrachlorophenol","58902"
"nitrates+nitrites","nitrate + nitrite","14797558"
"fonofos","fonofos","944229"
"gamma emitters","gamma emitters",NA
"pentabromodiphenyl ether","pentabromodiphenyl ether",NA
"dinoseb (dnbp)","dinoseb","88857"
"disulfoton (disyston)","disulfoton","298044"
"rdx","rdx","121824"
"acetochlor","acetochlor","34256821"
"chlorophenoxy herbicide (2,4,5-tp) [silvex]","chlorophenoxy herbicide (2,4,5-tp) [silvex]","93721"
"nonabromodiphenyl ether","nonabromodiphenyl ether",NA
"other chlorinated benzenes","other chlorinated benzenes",NA
"polycyclic aromatic hydrocarbons (pahs)","polycyclic aromatic hydrocarbons (pahs)",NA
"p-nitrophenol","4-nitrophenol","100027"
"2,4,5-trichlorophenoxy proprionic acid (2,4,5-tp)","chlorophenoxy herbicide (2,4,5-tp) [silvex]","93721"
"n-nitrosodi-n-phenylamine","n-nitrosodiphenylamine","86306"
"phosphates as p","phosphates as p",NA
"radium 226 + radium 228","radium 226 and 228 combined",NA
"bis(2-chloroethoxy) methane","bis(2-chloroethoxy) methane","111911"
"azinophos","guthion","86500"
"electrical conductivity","conductivity",NA
"orthophosphate","orthophosphate",NA
"total soluble inorganic nitrogen","total soluble inorganic nitrogen",NA
"sodium adsorption ratio (SAR)","sodium adsorption ratio (SAR)",NA
"suspended solids","solids suspended and turbidity",NA
"gross alpha","gross alpha particles",NA
"dichlorprop","dichlorprop","120365"
"aminopyralid","aminopyralid",NA
"difenoconazole","difenoconazole",NA
"dimethenamid","dimethenamid",NA
"ethion","ethion",NA
"ethofumesate","ethofumesate",NA
"fenbuconazole","fenbuconazole",NA
"fipronil","fipronil",NA
"flucarbazone","flucarbazone",NA
"flucarbazone sulfonamide","flucarbazone sulfonamide",NA
"fluroxypyr","fluroxypyr",NA
"myclobutanil","myclobutanil",NA
"molinate","molinate","2212671"
"m-dichlorobenzene","1,3-dichlorobenzene","541731"
"beta/photon emitters","beta particles and photon activity",NA
"oxydemeton methyl","oxydemeton methyl","301122"
"o-xylene","1,2-xylene","95476"
"paraquat dichloride","paraquat","1910425"
"gross beta particles","gross beta particles",NA
"phthalates, total","phthalates, total",NA
"methylene blue-activated substances","methylene blue active substances",NA
"total dissolved nitrogen","total nitrogen",NA
"oxidation-reduction potential","oxidation-reduction potential",NA
"acrylamide","acrylamide","79061"
"cesium 134","cesium 134",NA
"endosulfan (total)","endosulfan","115297"
"fenchlorfos","fenchlorfos",NA
"(2,4,5-trichlorophenoxy)-propionic acid (2,4,5-tp)","chlorophenoxy herbicide (2,4,5-tp) [silvex]","93721"
"total alkalinity","alkalinity",NA
"tetrachloromethane (carbon tetrachloride)","carbon tetrachloride","56235"
"dibutyl phthalate","di-n-butyl phthalate","84742"
"gross beta particle activity","gross beta particles",NA
"selenium (v)","selenium (v)",NA
"tetrabromodiphenyl ether","tetrabromodiphenyl ether",NA
"halogenated ethers, total","halogenated ethers, total",NA
"halogenated methanes, total","halogenated methanes, total",NA
"1,3-dichlorobenzene","1,3-dichlorobenzene","541731"
"aminobenzene (analine)","aminobenzene (analine)",NA
"hexachlorocyclohexane delta","hexachlorocyclohexane delta","319868"
"hexachlorocylohexane-alpha","alpha-hexachlorocyclohexane (hch)","319846"
"hexachlorocyclohexane-beta","beta-hexachlorocyclohexane (hch)","319857"
"pentachloroethanes","pentachloroethanes",NA
"residual chlorine","residual chlorine",NA
"polynuclear aromatic hydrocarbons (pahs)","polycyclic aromatic hydrocarbons (pahs)",NA
"temperature decrease below ambient","temperature decrease below ambient",NA
"hexachlorocyclohexane beta","beta-hexachlorocyclohexane (hch)","319857"
"sulfide (undissociated hydrogen sulfide)","sulfide",NA
"di (2-ethylhexyl) adipate","di (2-ethylhexyl) adipate","103231"
"suspended sediment","solids suspended and turbidity",NA
"acidity","acidity",NA
"adjusted sodium adsorption ratio","adjusted sodium adsorption ratio",NA
"total dissolved phosphorus","total phosphorus",NA
"bacteria","bacteria",NA
"trihalomethanes (total)","trihalomethanes","67663"
"chloroethylene (vinyl chloride)","vinyl chloride","75014"
"total inorganic nitrogen","total inorganic nitrogen",NA
"alpha particles (gross) radioactivity","gross alpha particles",NA
"hexachlorocyclohexane alpha","alpha-hexachlorocyclohexane (hch)","319846"
"dioxin","2,3,7,8-tcdd (dioxin)","1746016"
"tetrachlorophenol (2,3,5,6)","2,3,4,6-tetrachlorophenol","58902"
"benz(a) anthracene","benzo(a) anthracene","56553"
"tainting substances","tainting substances",NA
"diisopropylmethylphosphonate (dimp)","diisopropylmethylphosphonate (dimp)","1445756"
"chlorothaonil","chlorothaonil","1897456"
"strontium","strontium","7447246"
"sulfometuron methyl","sulfometuron methyl","74222972"
"tebuthiuron","tebuthiuron","34014181"
"terbacil","terbacil","5902511"
"terbufos","terbufos","13071799"
"thifensulfuron methyl","thifensulfuron methyl","79277273"
"anatoxin-a","anatoxin-a","64285069"
"saxitoxin","saxitoxin","35523898"
"tralkoxydim","tralkoxydim","87820880"
"trans-1,3-dichloropropene","trans-1,3-dichloropropene","10061026"
"trans-nonachlor","trans-nonachlor","39765805"
"triasulfuron","triasulfuron","82097505"
"tribenuron methyl","tribenuron methyl","101200480"
"trichlorophenoxy proprionic acid, 2 (2,4,5-)","chlorophenoxy herbicide (2,4,5-tp) [silvex]","93721"
"trichlorophenoxyacetic acid","2,4,5-t","93765"
"n-nitroso-n-methylethylamine","n-nitroso-n-methylethylamine","10595956"
"benzotrichloride","benzotrichloride","98077"
"paraquat","paraquat","1910425"
"pbcs","polychlorinated biphenyls (pcbs)",NA
"1,1,1-trichloroethane (tca)","1,1,1-trichloroethane","71556"
"p-bromodiphenyl ether","4-bromophenyl phenyl ether","101553"
"arsenic (v)","arsenic (v)",NA
"nitrophenols, total","nitrophenols, total",NA
"1,2-cis-dichloroethylene","1,2-cis-dichloroethylene","156592"
"1,2-dibromoethane","1,2-dibromoethane","106934"
"pathogen and pathogen indicators","pathogen and pathogen indicators",NA
"solids dissolved and salinity","solids dissolved and salinity",NA
"chloromethyl methyl ether","chloromethyl methyl ether",NA
"butyl benzene phthalate","butylbenzyl phthalate","85687"
"chlorine, residual","chlorine","7782505"
"trihalomethanes (t)","trihalomethanes","67663"
"chlorinated phenolics","chlorinated phenolics",NA
"thorium 230 and 232","thorium 230 and 232",NA
"dacthal (dcpa)","dcpa","1861321"
"2,4,5-t","2,4,5-t","93765"
"methyl parathion","methyl parathion","298000"
"benzyl chloride","benzyl chloride","100447"
"4-chloro-2 methylphenoxy acetic acid","4-chloro-2 methylphenoxy acetic acid","94746"
"acifluorfen","acifluorfen","62476599"
"alpha-chlordane","alpha-chlordane","5103719"
"endosulfan, i","alpha-endosulfan","959988"
"triclopyr","triclopyr","55335063"
"trifluralin","trifluralin","1582098"
"triticonazole","triticonazole","131983727"
"haloacetic acids (five)","haloacetic acids (five)",NA
"hexazinone","hexazinone","51235042"
"hyrdroxyatrazine","hyrdroxyatrazine","2163680"
"imazamethabenz-methyl ester","imazamethabenz-methyl ester","81405858"
"imazamox","imazamox","114311329"
"imazapyr","imazapyr","81334341"
"imidacloprid","imidacloprid","138261413"
"4,4-methylene bis (n,n'-dimethyl)aniline","4,4-methylene bis (n,n'-dimethyl)aniline","101611"
"ametryn","ametryn","834128"
"gamma-chlordane","gamma-chlordane",NA
"glyphosate, isopropylamine salt","glyphosate, isopropylamine salt","38641940"
"permethrin","permethrin","52645531"
"chemical oxygen demand (COD)","chemical oxygen demand (COD)",NA
"fluoranthene (polynuclear aromatic hydrocarbon)","fluoranthene","206440"
"clothianidin","clothianidin","210880925"
"glufosinate-ammonium","glufosinate-ammonium","73777501"
"saflufenacil","saflufenacil","372137354"
"sulfentrazone","sulfentrazone","122836355"
"thiamethoxam","thiamethoxam","153719234"
"silvex (2,4,5-tp)","chlorophenoxy herbicide (2,4,5-tp) [silvex]","93721"
"nutrients","nutrients",NA
"total nitrate and nitrite","nitrate + nitrite",NA
"benzene metadisulfonic acid","benzene metadisulfonic acid","98486"
"benzene monosulfonic acid","benzene monosulfonic acid","98113"
"2-butoxy ethanol","2-butoxy ethanol","111762"
"p-phenol sulfonic acid","p-phenol sulfonic acid","98679"
"resorcinol","resorcinol","1084603"
"soluble phosphorus","soluble phosphorus",NA
"plankton count","plankton count",NA
"solids suspended and turbidity","solids suspended and turbidity",NA
"cyclohexylamine","cyclohexylamine","108918"
"radon","radon",NA
"heterotrophic plate count (HPC)","heterotrophic plate count (HPC)",NA
"hexachlorocyclohexane, technical","hexachlorocyclohexane (hch)-technical","608731"
"settleable materials","settleable materials",NA
"sodium chlorides and sulfates","sodium chlorides and sulfates",NA
"total organic carbon","total organic carbon",NA
"dissolved gas","dissolved gases",NA
"pcb 1016","pcb-1016","12674112"
"pcb 1221","pcb-1221","11104282"
"pcb 1232","pcb-1232","11141165"
"pcb 1242","pcb-1242","53469219"
"pcb 1248","pcb-1248","12672296"
"pcb 1254","pcb-1254","11097691"
"pcb 1260","pcb-1260","11096825"
"pcb 1262","pcb 1262",NA
"pcb 1268","pcb 1268",NA
"pcb 2565","pcb 2565",NA
"pcb 4465","pcb 4465",NA
"bentazon methyl","bentazon methyl","61592458"
"cesium","cesium",NA
"chlorsulfuron","chlorsulfuron","64902723"
"p,p'-dichlorodiphenyldichloroethane","p,p'-dichlorodiphenyldichloroethylene (dde)","72559"
"p,p'-dichlorodiphenyldichloroethylene","p,p'-dichlorodiphenyldichloroethane (ddd)","72548"
"p,p'-dichlorodiphenyltrichloroethane","p,p'-dichlorodiphenyltrichloroethane (ddt)","50293"
"cesium-137","cesium-137","10045973"
"plutonium-238","plutonium-238","13981163"
"dimethoate","dimethoate",NA
"alpha-anovulant","alpha-anovulant",NA
"water flow","water flow",NA
"iodine","iodine",NA
"oxygen","dissolved oxygen","7782447"
"periphyton biomass (as chlorophyll a mg/m2)","periphyton biomass (as chlorophyll a mg/m2)",NA
"microcystis aeruginosa cell density","microcystis aeruginosa cell density",NA
"blue-green algae","blue-green algae",NA
"total pcb's","polychlorinated biphenyls (pcbs)",NA
"bis(2-ethylhexyl) adipate","di (2-ethylhexyl) adipate","103231"
"baygon","baygon",NA
"chlorotoluene o-","chlorotoluene o-",NA
"chlorotoluene p-","chlorotoluene p-",NA
"cyanogen chloride","cyanogen chloride",NA
"dichlorobenzene","dichlorobenzene",NA
"dimethyl methylphosphonate","dimethyl methylphosphonate",NA
"dinitrobenzene(1,3-)","dinitrobenzene(1,3-)",NA
"dioxane p","dioxane p",NA
"dithiane (1,4-)","dithiane (1,4-)",NA
"biological integrity","biological integrity",NA
"octahydro-1 ,3.5, 7-tetranitro- 1.3,5, 7-tetrazocine","octahydro-1 ,3.5, 7-tetranitro- 1.3,5, 7-tetrazocine",NA
"isopropyl methylphosphonate","isopropyl methylphosphonate",NA
"isopropylbenzene (cumene)","isopropylbenzene (cumene)",NA
"maleic hydrazide","maleic hydrazide",NA
"monochloroacetic acid","monochloroacetic acid",NA
"nitroguanidine","nitroguanidine",NA
"hexahydro -1,3.5-trinitro-1.3,5-triazine","hexahydro -1,3.5-trinitro-1.3,5-triazine",NA
"trichlorobenzene ( 1,3,5-)","trichlorobenzene ( 1,3,5-)",NA
"trinitroglycerol","trinitroglycerol",NA
"trinitrotoluene (2,4,6-)","trinitrotoluene (2,4,6-)",NA
"white phosphorus","white phosphorus",NA
"radioactivity","radioactivity",NA
"cryptosporidium","cryptosporidium",NA
"giardia Iamblia","giardia Iamblia",NA
"legionella","legionella",NA
"viruses & pathogens","viruses & pathogens",NA
"cyanozine","cyanozine",NA
"transparency","transparency",NA
"bicarbonate","bicarbonate",NA
"total bacteroides","total bacteroides",NA
"gross beta and photo emitters from manmade radionucleotides","beta particles and photon activity",NA
"clarity","clarity",NA
"dissolved reactive phosphorus (drp)","dissolved reactive phosphorus (drp)",NA
"sulfide","sulfide",NA
"nitrosodiethylamine-n","nitrosodiethylamine","55185"
"nitrosodibutylamine-n","nitrosodibutylamine","924163"
"nitrosodimethylamine-n","n-nitrosodimethylamine","62759"
"total kjehldal nitrogen","total kjehldal nitrogen",NA
"dibromomethane","dibromomethane",NA
"PFAS","PFAS",NA
"filamentous algae","filamentous algae",NA
"gross primary production","gross primary production",NA
"ecosystem respiration","ecosystem respiration",NA
"light penetration","light penetration",NA
"nitrosodiphenylamine-n","n-nitrosodiphenylamine","86306"
"dibromoacetic acid (HAA5)","dibromoacetic acid (HAA5)","631641"
"dichloracetic acid (HAA5)","dichloracetic acid (HAA5)","79436"
"monochloracetic acid (HAA5)","monochloracetic acid (HAA5)","79118"
"trichloroacetic acid (HAA5)","trichloroacetic acid (HAA5)","76039"
"carbonate, residual","carbonate, residual",NA
"total aqueous hydrocarbons","total aqueous hydrocarbons",NA
"total aromatic hydrocarbons","total aromatic hydrocarbons",NA
"sediment particles","sediment particles",NA
"fine sediment","fine sediment",NA
"S-tube","S-tube",NA
"total trihalomethanes (tthm)","trihalomethanes",NA
"bromide","bromide",NA
"benefin","benefin",NA
"1,1-biphenyl","1,1-biphenyl",NA
"bromobenzene","bromobenzene",NA
"butachlor","butachlor",NA
"biphenyl","biphenyl","92524"
"chlordecone","kepone","143500"
"methanol","methanol","67561"
"tetrahydrofuran","tetrahydrofuran","109999"
"calcium","calcium",NA
"2-butenal","2-butenal",NA
"cis-2-butenal","cis-2-butenal",NA
"trans-2-butenal","trans-2-butenal",NA
"cis-2-butenenitrile","cis-2-butenenitrile",NA
"trans-2-butenenitrile","trans-2-butenenitrile",NA
"captan","captan",NA
"chloranil","chloranil",NA
"chlorinated dibenzo-p-dioxins and chlorinated dibenzofurans","chlorinated dibenzo-p-dioxins and chlorinated dibenzofurans",NA
"2-chloroaniline","2-chloroaniline",NA
"3-chloroaniline","3-chloroaniline",NA
"4-chloroaniline","4-chloroaniline",NA
"1-chlorobutane","1-chlorobutane",NA
"chloroethane","chloroethane","75003"
"2-chloronitrobenzene","2-chloronitrobenzene",NA
"3-chloronitrobenzene","3-chloronitrobenzene",NA
"4-chloronitrobenzene","4-chloronitrobenzene",NA
"chloroprene","chloroprene",NA
"chlorothalonil","chlorothalonil",NA
"4-chloro-o-toluidine","4-chloro-o-toluidine",NA
"5-chloro-o-toluidine","5-chloro-o-toluidine",NA
"cyanogen bromide","cyanogen bromide",NA
"cis-1,4-dichloro-2-butene","cis-1,4-dichloro-2-butene",NA
"trans-1,4-dichloro-2-butene","trans-1,4-dichloro-2-butene",NA
"1,2-difluoro-1,1,2,2-tetrachloroethane","1,2-difluoro-1,1,2,2-tetrachloroethane",NA
"1,2-diisopropylbenzene","1,2-diisopropylbenzene",NA
"1,3-diisopropylbenzene","1,3-diisopropylbenzene",NA
"1,4-diisopropylbenzene","1,4-diisopropylbenzene",NA
"2,3-dimethylaniline","2,3-dimethylaniline",NA
"2,4-dimethylaniline","2,4-dimethylaniline",NA
"2,5-dimethylaniline","2,5-dimethylaniline",NA
"2,6-dimethylaniline","2,6-dimethylaniline",NA
"3,4-dimethylaniline","3,4-dimethylaniline",NA
"3,5-dimethylaniline","3,5-dimethylaniline",NA
"3,3'dimethylbenzidine","3,3'dimethylbenzidine",NA
"4,4'dimethylbibenzyl","4,4'dimethylbibenzyl",NA
"4,4'dimethyldiphenylmethane","4,4'dimethyldiphenylmethane",NA
"alpha, alpha-dimethyl phenethylamine","alpha, alpha-dimethyl phenethylamine",NA
"dimethyl tetrachloroterephthalate","dimethyl tetrachloroterephthalate",NA
"1,3-dinitrobenzene","1,3-dinitrobenzene",NA
"2,5-dinitrotoluene","2,5-dinitrotoluene",NA
"3,4-dinitrotoluene","3,4-dinitrotoluene",NA
"3,5-dinitrotoluene","3,5-dinitrotoluene",NA
"diphenylamine","diphenylamine",NA
"endrin ketone","endrin ketone",NA
"potassium","potassium",NA
"silica","silica",NA
"sodium + potassium","sodium + potassium",NA
"ferbam","ferbam",NA
"hexachloropropene","hexachloropropene",NA
"iron and manganese","iron and manganese",NA
"isodrin","isodrin",NA
"isopropalin","isopropalin",NA
"isopropylbenzene","isopropylbenzene",NA
"mancozeb","mancozeb",NA
"maneb","maneb",NA
"methacrylonitrile","methacrylonitrile",NA
"2-methyl-4-chloro-phenoxyacetic acid","2-methyl-4-chloro-phenoxyacetic acid",NA
"4,4'methylene-bis-(2-chloroaniline)","4,4'methylene-bis-(2-chloroaniline)",NA
"4,4'methylene-bis-(n-methyl)aniline","4,4'methylene-bis-(n-methyl)aniline",NA
"4,4'methylene-bis-(n,n'dimethyl)aniline","4,4'methylene-bis-(n,n'dimethyl)aniline",NA
"methyl iodide","methyl iodide",NA
"methyl methacrylate","methyl methacrylate",NA
"nabam","nabam",NA
"nitralin","nitralin",NA
"2-nitroaniline","2-nitroaniline",NA
"3-nitroaniline","3-nitroaniline",NA
"4-nitroaniline","4-nitroaniline",NA
"2-nitrotoluene","2-nitrotoluene",NA
"3-nitrotoluene","3-nitrotoluene",NA
"4-nitrotoluene","4-nitrotoluene",NA
"5-nitro-o-toluidine","5-nitro-o-toluidine",NA
"pendimethalin ","pendimethalin ",NA
"1,2-phenylenediamine","1,2-phenylenediamine",NA
"1,3-phenylenediamine","1,3-phenylenediamine",NA
"1,4-phenylenediamine","1,4-phenylenediamine",NA
"phenylhydrazine","phenylhydrazine",NA
"polybrominated biphenyls","polybrominated biphenyls",NA
"principal organic pollutant","principal organic pollutant",NA
"propanil","propanil",NA
"fecal coliform and e. coli","fecal coliform and e. coli",NA
"tetrachloroterephthalic acid","tetrachloroterephthalic acid",NA
"alpha, alpha, alpha, 4-tetrachlorotoluene","alpha, alpha, alpha, 4-tetrachlorotoluene",NA
"thiram","thiram",NA
"toluene-2,4-diamine","toluene-2,4-diamine",NA
"toluene-2,5-diamine","toluene-2,5-diamine",NA
"toluene-2,6-diamine","toluene-2,6-diamine",NA
"o-toluidine","o-toluidine",NA
"2,4,6-trichloroaniline","2,4,6-trichloroaniline",NA
"2,4,5-trichlorophenoxy-acetic acid","2,4,5-trichlorophenoxy-acetic acid",NA
"2,3,4-trichlorotoluene","2,3,4-trichlorotoluene",NA
"2,3,5-trichlorotoluene","2,3,5-trichlorotoluene",NA
"2,3,6-trichlorotoluene","2,3,6-trichlorotoluene",NA
"2,4,5-trichlorotoluene ","2,4,5-trichlorotoluene ",NA
"2,4,6-trichlorotoluene","2,4,6-trichlorotoluene",NA
"sym-trinitrobenzene","sym-trinitrobenzene",NA
"2,3,4-trinitrotoluene","2,3,4-trinitrotoluene",NA
"2,3,6-trinitrotoluene","2,3,6-trinitrotoluene",NA
"2,4,5-trinitrotoluene","2,4,5-trinitrotoluene",NA
"2,4,6-trinitrotoluene ","2,4,6-trinitrotoluene ",NA
"3,4,5-trinitrotoluene","3,4,5-trinitrotoluene",NA
"uranyl ion","uranyl ion",NA
"zineb","zineb",NA
"ziram","ziram",NA
"cyanobacterial microcystin toxins","cyanobacterial microcystin toxins",NA
"bioactive nitrogen","bioactive nitrogen",NA
"acute toxicity","acute toxicity",NA
"chronic toxicity","chronic toxicity",NA
"pa234","pa234",NA
"pb206","pb206",NA
"pb207","pb207",NA
"pb208","pb208",NA
"pb210","pb210",NA
"pb212","pb212",NA
"po210","po210",NA
"ra226","ra226",NA
"th232","th232",NA
"th234","th234",NA
"u234","u234",NA
"u235","u235",NA
"u238","u238",NA
"unat","unat",NA
"pb206 + pb207 + pb208","pb206 + pb207 + pb208",NA
"Dichlorodiphenyldichloroethane (DDD)","p,p'-dichlorodiphenyldichloroethane (ddd)","72548"
"aminocresols","aminocresols",NA
"benzo(e) pyrene","benzo(e) pyrene","192972"
"benzo(j) fluoranthene","benzo(j) fluoranthene","205823"
"alkyldimethyl benzyl ammonium chloride","alkyldimethyl benzyl ammonium chloride","68391015"
"aldicarb and methomyl","aldicarb and methomyl",NA
"allyl chloride","allyl chloride",NA
"4-aminobiphenyl","4-aminobiphenyl",NA
"3-aminotoluene","3-aminotoluene",NA
"4-aminotoluene","4-aminotoluene",NA
"chromium v","chromium v","14280172"
