"ReportName","State.Criteria.Search.Tool.Data"
"ReportDateTime","46037.383032407408"
"CRITERION_ID"," Unique identifier for the criterion."
"REGION"," EPA Region for the state; authorized tribe; or territory."
"ENTITY_ID"," Unique identifier for the state; authorized tribe; or territory."
"ENTITY_NAME"," Name of state; authorized tribe; or territory."
"ENTITY_ABBR"," Abbreviation for state; authorized tribe; or territory."
"POLLUTANT_ID"," Unique identifier for the pollutant (parameter; substance; etc.)."
"STD_POLL_ID"," Unique identifier of the 'standard' pollutant.  Used to help comparisons of pollutants named with synonyms."
"CAS_NO"," Chemical Abstracts Service number of the substance."
"POLLUTANT_NAME"," Name for the pollutant (parameter; substance; etc.) found in the state regulation."
"STD_POLLUTANT_NAME"," 'Standard' name for the pollutant (parameter; substance; etc.). Used to help comparisons of pollutants named with synonyms."
"CRITERION_VALUE"," Value of the criterion.  In the tool; this can be presented as a single numeric value; a range; or a note."
"UNIT_NAME"," Name of the unit for the criterion."
"UNIT_ID"," Unique identifier for the unit."
"CRITERIATYPEAQUAHUMHLTH"," Flag to identify criterion type. 'A' - aquatic life. 'H' - human health. 'O' - organoleptic."
"CRITERIATYPEFRESHSALTWATER"," Flag to identify criterion water type. 'S' - saltwater. 'F' - freshwater. 'B' - brackish water."
"CRITERIATYPE_ACUTECHRONIC"," Flag to identify an acute or chronic criterion. 'A' - acute. 'C' - chronic."
"CRITERIATYPE_WATERORG"," Flag to identify human health criterion type. 'O' - organism only. 'W' - water and organism."
"CRIT_SOURCE_ID"," Unique identifier for the source document.  The direct link to the source document (pdf) on EPA's website is provided in the 'Source Documents' table below.  These links are aggregated on each state's EPA webpage at https://www.epa.gov/wqs-tech/state-specific-water-quality-standards-effective-under-clean-water-act-cwa"
"PDFPGNO"," PDF page number where the criterion is referenced.  Please note this is generally *not* the page number of the printed document."
"USE_CLASS_NAME_LOCATION_ETC_ID"," Unique identifier of the criterion's application (e.g. water body name; class; or designated use)."
"USE_CLASS_NAME_LOCATION_ETC"," Name of the criterion's application"
"LAST_ENTRY_IN_DB"," Date/time of the last update to this criterion in the tool's database."
"EFFECTIVE_DATE"," Date the criterion became effective.  Please note these dates are pending verification."
