nhd.df,colname
fill_USGS_catchments,NHD.nhdplusid
fill_USGS_catchments,NHD.resolution
fill_USGS_catchments,NHD.catchmentareasqkm
fill_USGS_catchments,geometry
NHD_flowlines,OBJECTID
NHD_flowlines,permanent_identifier
NHD_flowlines,fdate
NHD_flowlines,resolution
NHD_flowlines,gnis_id
NHD_flowlines,gnis_name
NHD_flowlines,lengthkm
NHD_flowlines,reachcode
NHD_flowlines,flowdir
NHD_flowlines,wbarea_permanent_identifier
NHD_flowlines,ftype
NHD_flowlines,fcode
NHD_flowlines,mainpath
NHD_flowlines,innetwork
NHD_flowlines,visibilityfilter
NHD_flowlines,nhdplusid
NHD_flowlines,vpuid
NHD_flowlines,streamleve
NHD_flowlines,streamorde
NHD_flowlines,streamcalc
NHD_flowlines,fromnode
NHD_flowlines,tonode
NHD_flowlines,hydroseq
NHD_flowlines,levelpathi
NHD_flowlines,pathlength
NHD_flowlines,terminalpa
NHD_flowlines,arbolatesu
NHD_flowlines,divergence
NHD_flowlines,startflag
NHD_flowlines,terminalfl
NHD_flowlines,uplevelpat
NHD_flowlines,uphyrdoseq
NHD_flowlines,dnlevel
NHD_flowlines,dnlevelpat
NHD_flowlines,dnhydroseq
NHD_flowlines,dnminorhyd
NHD_flowlines,dndraincou
NHD_flowlines,frommeas
NHD_flowlines,tomeas
NHD_flowlines,rtndiv
NHD_flowlines,thinner
NHD_flowlines,vpuin
NHD_flowlines,vpuout
NHD_flowlines,areasqkm
NHD_flowlines,totdasqkm
NHD_flowlines,divdasqkm
NHD_flowlines,maxelevraw
NHD_flowlines,minelevraw
NHD_flowlines,maxelevsmo
NHD_flowlines,minelevsmo
NHD_flowlines,slope
NHD_flowlines,slopelenkm
NHD_flowlines,elevfixed
NHD_flowlines,hwtype
NHD_flowlines,hwnodesqkm
NHD_flowlines,statusflag
NHD_flowlines,qama
NHD_flowlines,vama
NHD_flowlines,qincrama
NHD_flowlines,qbma
NHD_flowlines,vbma
NHD_flowlines,qincrbma
NHD_flowlines,qcma
NHD_flowlines,vcma
NHD_flowlines,qincrcma
NHD_flowlines,qdma
NHD_flowlines,vdma
NHD_flowlines,qincrdma
NHD_flowlines,qema
NHD_flowlines,vema
NHD_flowlines,qincrema
NHD_flowlines,qfma
NHD_flowlines,qincrfma
NHD_flowlines,arqnavma
NHD_flowlines,petma
NHD_flowlines,qlossma
NHD_flowlines,qgadjma
NHD_flowlines,qgnavma
NHD_flowlines,gageadjma
NHD_flowlines,avgqadjma
NHD_flowlines,gageidma
NHD_flowlines,gageqma
NHD_flowlines,Shape_Length
NHD_flowlines,geometry
NHD_waterbodies,OBJECTID
NHD_waterbodies,permanent_identifier
NHD_waterbodies,fdate
NHD_waterbodies,resolution
NHD_waterbodies,gnis_id
NHD_waterbodies,gnis_name
NHD_waterbodies,areasqkm
NHD_waterbodies,elevation
NHD_waterbodies,reachcode
NHD_waterbodies,ftype
NHD_waterbodies,fcode
NHD_waterbodies,visibilityfilter
NHD_waterbodies,nhdplusid
NHD_waterbodies,vpuid
NHD_waterbodies,onoffnet
NHD_waterbodies,purpcode
NHD_waterbodies,burn
NHD_waterbodies,Shape_Length
NHD_waterbodies,Shape_Area
NHD_waterbodies,geometry
